{
  "resourceType" : "CodeSystem",
  "id" : "smart-va-weather-seasons-cs",
  "text" : {
    "status" : "generated",
    "div" : "<div xmlns=\"http://www.w3.org/1999/xhtml\"><p>This  code system <code>https://smartva.org/fhir/CodeSystem/smart-va-weather-seasons-cs</code> defines the following codes:</p><table class=\"codes\"><tr><td style=\"white-space:nowrap\"><b>Code</b></td><td><b>Display</b></td></tr><tr><td style=\"white-space:nowrap\">wet<a name=\"smart-va-weather-seasons-cs-wet\"> </a></td><td>Wet</td></tr><tr><td style=\"white-space:nowrap\">dry<a name=\"smart-va-weather-seasons-cs-dry\"> </a></td><td>Dry</td></tr><tr><td style=\"white-space:nowrap\">dk<a name=\"smart-va-weather-seasons-cs-dk\"> </a></td><td>Don't Know</td></tr></table></div>"
  },
  "url" : "https://smartva.org/fhir/CodeSystem/smart-va-weather-seasons-cs",
  "version" : "0.1.0",
  "name" : "SMARTVAWeatherSeasonsCS",
  "title" : "SMART Verbal Autopsy Weather Seasons Code System",
  "status" : "active",
  "experimental" : true,
  "date" : "2024-03-12T15:30:39+01:00",
  "publisher" : "CDC",
  "contact" : [{
    "name" : "CDC",
    "telecom" : [{
      "system" : "url",
      "value" : "http://cdc.gov"
    }]
  }],
  "description" : "CodeSytem to describe the weather seasons for the verbal autosy SMART guidelines",
  "content" : "complete",
  "count" : 3,
  "concept" : [{
    "code" : "wet",
    "display" : "Wet"
  },
  {
    "code" : "dry",
    "display" : "Dry"
  },
  {
    "code" : "dk",
    "display" : "Don't Know"
  }]
}