URL,Version,Status,OIDs,Name,Title,Descriptino,Used
http://smartva.org/fhir/CodeSystem/smart-va-malaria-mortality-region-cs,0.1.0,draft,,SMARTVAMalariaMortalityRegionCS,SMARTVA Malaria Mortality Region Code System,"Code system for the malaria prevelance of region where the death occurred","ValueSet/smart-va-malaria-mortality-region-vs"
http://smartva.org/fhir/CodingSystem/smart-va-hiv-moratality-region-cs,0.1.0,draft,,SMARTVAHIVMoratalityRegionCS,SMART VA HIV Mortalirty Region Code System,"HIV mortaliry prevelance CodeSystem for the SMART verbal autopsy guideline","ValueSet/smart-va-hiv-mortality-region-vs"
https://smartva.org/fhir/CodeSystem/smart-va-level-of-education-codesystem,0.1.0,draft,,SMARTVALevelOfEducationCS,SMART Verbal Autopsy Level of Education CodeSystem,"This CodeSystem contains values related to the SMART Verbal Autopsy level of education of the decseaed person.","ValueSet/smart-va-level-of-education-valueset"
https://smartva.org/fhir/CodeSystem/smart-va-weather-seasons-cs,0.1.0,active,,SMARTVAWeatherSeasonsCS,SMART Verbal Autopsy Weather Seasons Code System,"CodeSytem to describe the weather seasons for the verbal autosy SMART guidelines","ValueSet/smart-va-weathers-seasons-vs"
