{
  "resourceType" : "Bundle",
  "id" : "590d0e21-d899-4290-bc4d-5c66c647acd5",
  "meta" : {
    "lastUpdated" : "2024-03-12T15:30:39.006+01:00"
  },
  "type" : "collection",
  "entry" : [{
    "fullUrl" : "https://smartva.org/fhir/ValueSet/smart-va-hiv-mortality-region-vs",
    "resource" : {
      "resourceType" : "ValueSet",
      "text" : {
        "status" : "generated",
        "div" : "<div xmlns=\"http://www.w3.org/1999/xhtml\"><p style=\"border: black 1px dotted; background-color: #EEEEEE; padding: 8px; margin-bottom: 8px\">Expansion based on <a href=\"CodeSystem-smart-va-hiv-moratality-region-cs.html\">codesystem SMART VA HIV Mortalirty Region Code System v0.1.0 (CodeSystem)</a></p><p>This value set contains 3 concepts.</p><table class=\"codes\"><tr><td style=\"white-space:nowrap\"><b>Code</b></td><td><b>System</b></td><td><b>Display</b></td></tr><tr><td style=\"white-space:nowrap\"><a name=\"http---smartva.org-fhir-CodingSystem-smart-va-hiv-moratality-region-cs-h\"> </a>\u00a0\u00a0<a href=\"CodeSystem-smart-va-hiv-moratality-region-cs.html#smart-va-hiv-moratality-region-cs-h\">h</a></td><td>http://smartva.org/fhir/CodingSystem/smart-va-hiv-moratality-region-cs</td><td>High prevalence of HIV</td></tr><tr><td style=\"white-space:nowrap\"><a name=\"http---smartva.org-fhir-CodingSystem-smart-va-hiv-moratality-region-cs-l\"> </a>\u00a0\u00a0<a href=\"CodeSystem-smart-va-hiv-moratality-region-cs.html#smart-va-hiv-moratality-region-cs-l\">l</a></td><td>http://smartva.org/fhir/CodingSystem/smart-va-hiv-moratality-region-cs</td><td>Low prevalence of HIV</td></tr><tr><td style=\"white-space:nowrap\"><a name=\"http---smartva.org-fhir-CodingSystem-smart-va-hiv-moratality-region-cs-v\"> </a>\u00a0\u00a0<a href=\"CodeSystem-smart-va-hiv-moratality-region-cs.html#smart-va-hiv-moratality-region-cs-v\">v</a></td><td>http://smartva.org/fhir/CodingSystem/smart-va-hiv-moratality-region-cs</td><td>Very low prevalence of HIV</td></tr></table></div>"
      },
      "url" : "https://smartva.org/fhir/ValueSet/smart-va-hiv-mortality-region-vs",
      "version" : "0.1.0",
      "name" : "SMARTVAHIVMortalityRegionVS",
      "title" : "SMART VA HIV Mortality Region Value Set",
      "status" : "draft",
      "experimental" : true,
      "date" : "2024-03-12T15:30:39+01:00",
      "expansion" : {
        "identifier" : "urn:uuid:f0a7f585-f00a-4847-bef3-ca256ddfde4b",
        "timestamp" : "2024-03-12T15:31:22+01:00",
        "total" : 3,
        "offset" : 0,
        "parameter" : [{
          "name" : "count",
          "valueInteger" : 1000
        },
        {
          "name" : "offset",
          "valueInteger" : 0
        },
        {
          "name" : "excludeNested",
          "valueBoolean" : false
        },
        {
          "name" : "used-codesystem",
          "valueUri" : "http://smartva.org/fhir/CodingSystem/smart-va-hiv-moratality-region-cs|0.1.0"
        }],
        "contains" : [{
          "system" : "http://smartva.org/fhir/CodingSystem/smart-va-hiv-moratality-region-cs",
          "code" : "h",
          "display" : "High prevalence of HIV"
        },
        {
          "system" : "http://smartva.org/fhir/CodingSystem/smart-va-hiv-moratality-region-cs",
          "code" : "l",
          "display" : "Low prevalence of HIV"
        },
        {
          "system" : "http://smartva.org/fhir/CodingSystem/smart-va-hiv-moratality-region-cs",
          "code" : "v",
          "display" : "Very low prevalence of HIV"
        }]
      }
    }
  },
  {
    "fullUrl" : "http://smartva.org/fhir/ValueSet/smart-va-level-of-education-valueset",
    "resource" : {
      "resourceType" : "ValueSet",
      "text" : {
        "status" : "generated",
        "div" : "<div xmlns=\"http://www.w3.org/1999/xhtml\"><p style=\"border: black 1px dotted; background-color: #EEEEEE; padding: 8px; margin-bottom: 8px\">Expansion based on <a href=\"CodeSystem-smart-va-level-of-education-codesystem.html\">codesystem SMART Verbal Autopsy Level of Education CodeSystem v0.1.0 (CodeSystem)</a></p><p>This value set contains 7 concepts.</p><table class=\"codes\"><tr><td style=\"white-space:nowrap\"><b>Code</b></td><td><b>System</b></td><td><b>Display</b></td></tr><tr><td style=\"white-space:nowrap\"><a name=\"https---smartva.org-fhir-CodeSystem-smart-va-level-of-education-codesystem-no-formal-education\"> </a>\u00a0\u00a0<a href=\"CodeSystem-smart-va-level-of-education-codesystem.html#smart-va-level-of-education-codesystem-no-formal-education\">no-formal-education</a></td><td>https://smartva.org/fhir/CodeSystem/smart-va-level-of-education-codesystem</td><td>No formal education</td></tr><tr><td style=\"white-space:nowrap\"><a name=\"https---smartva.org-fhir-CodeSystem-smart-va-level-of-education-codesystem-primary-school\"> </a>\u00a0\u00a0<a href=\"CodeSystem-smart-va-level-of-education-codesystem.html#smart-va-level-of-education-codesystem-primary-school\">primary-school</a></td><td>https://smartva.org/fhir/CodeSystem/smart-va-level-of-education-codesystem</td><td>Primary school</td></tr><tr><td style=\"white-space:nowrap\"><a name=\"https---smartva.org-fhir-CodeSystem-smart-va-level-of-education-codesystem-secondary-school\"> </a>\u00a0\u00a0<a href=\"CodeSystem-smart-va-level-of-education-codesystem.html#smart-va-level-of-education-codesystem-secondary-school\">secondary-school</a></td><td>https://smartva.org/fhir/CodeSystem/smart-va-level-of-education-codesystem</td><td>Secondary school</td></tr><tr><td style=\"white-space:nowrap\"><a name=\"https---smartva.org-fhir-CodeSystem-smart-va-level-of-education-codesystem-higher-than-secondary-school\"> </a>\u00a0\u00a0<a href=\"CodeSystem-smart-va-level-of-education-codesystem.html#smart-va-level-of-education-codesystem-higher-than-secondary-school\">higher-than-secondary-school</a></td><td>https://smartva.org/fhir/CodeSystem/smart-va-level-of-education-codesystem</td><td>Higher than secondary school</td></tr><tr><td style=\"white-space:nowrap\"><a name=\"https---smartva.org-fhir-CodeSystem-smart-va-level-of-education-codesystem-dk\"> </a>\u00a0\u00a0<a href=\"CodeSystem-smart-va-level-of-education-codesystem.html#smart-va-level-of-education-codesystem-dk\">dk</a></td><td>https://smartva.org/fhir/CodeSystem/smart-va-level-of-education-codesystem</td><td>Don't know</td></tr><tr><td style=\"white-space:nowrap\"><a name=\"https---smartva.org-fhir-CodeSystem-smart-va-level-of-education-codesystem-refused\"> </a>\u00a0\u00a0<a href=\"CodeSystem-smart-va-level-of-education-codesystem.html#smart-va-level-of-education-codesystem-refused\">refused</a></td><td>https://smartva.org/fhir/CodeSystem/smart-va-level-of-education-codesystem</td><td>Refused to answer</td></tr><tr><td style=\"white-space:nowrap\"><a name=\"https---smartva.org-fhir-CodeSystem-smart-va-level-of-education-codesystem-unknown\"> </a>\u00a0\u00a0<a href=\"CodeSystem-smart-va-level-of-education-codesystem.html#smart-va-level-of-education-codesystem-unknown\">unknown</a></td><td>https://smartva.org/fhir/CodeSystem/smart-va-level-of-education-codesystem</td><td>Unknown</td></tr></table></div>"
      },
      "url" : "http://smartva.org/fhir/ValueSet/smart-va-level-of-education-valueset",
      "version" : "0.1.0",
      "name" : "SMARTVALevelofEducationVS",
      "title" : "SMART Verbal Autopsy Level of Education ValueSet",
      "status" : "draft",
      "experimental" : true,
      "date" : "2024-03-12T15:30:39+01:00",
      "expansion" : {
        "identifier" : "urn:uuid:36c6b9bf-cb9c-4024-8058-12e45671c8d2",
        "timestamp" : "2024-03-12T15:31:22+01:00",
        "total" : 7,
        "offset" : 0,
        "parameter" : [{
          "name" : "count",
          "valueInteger" : 1000
        },
        {
          "name" : "offset",
          "valueInteger" : 0
        },
        {
          "name" : "excludeNested",
          "valueBoolean" : false
        },
        {
          "name" : "used-codesystem",
          "valueUri" : "https://smartva.org/fhir/CodeSystem/smart-va-level-of-education-codesystem|0.1.0"
        }],
        "contains" : [{
          "system" : "https://smartva.org/fhir/CodeSystem/smart-va-level-of-education-codesystem",
          "code" : "no-formal-education",
          "display" : "No formal education"
        },
        {
          "system" : "https://smartva.org/fhir/CodeSystem/smart-va-level-of-education-codesystem",
          "code" : "primary-school",
          "display" : "Primary school"
        },
        {
          "system" : "https://smartva.org/fhir/CodeSystem/smart-va-level-of-education-codesystem",
          "code" : "secondary-school",
          "display" : "Secondary school"
        },
        {
          "system" : "https://smartva.org/fhir/CodeSystem/smart-va-level-of-education-codesystem",
          "code" : "higher-than-secondary-school",
          "display" : "Higher than secondary school"
        },
        {
          "system" : "https://smartva.org/fhir/CodeSystem/smart-va-level-of-education-codesystem",
          "code" : "dk",
          "display" : "Don't know"
        },
        {
          "system" : "https://smartva.org/fhir/CodeSystem/smart-va-level-of-education-codesystem",
          "code" : "refused",
          "display" : "Refused to answer"
        },
        {
          "system" : "https://smartva.org/fhir/CodeSystem/smart-va-level-of-education-codesystem",
          "code" : "unknown",
          "display" : "Unknown"
        }]
      }
    }
  },
  {
    "fullUrl" : "https://smartva.org/fhir/ValueSet/smart-va-malaria-mortality-region-vs",
    "resource" : {
      "resourceType" : "ValueSet",
      "text" : {
        "status" : "generated",
        "div" : "<div xmlns=\"http://www.w3.org/1999/xhtml\"><p style=\"border: black 1px dotted; background-color: #EEEEEE; padding: 8px; margin-bottom: 8px\">Expansion based on <a href=\"CodeSystem-smart-va-malaria-mortality-region-cs.html\">codesystem SMARTVA Malaria Mortality Region Code System v0.1.0 (CodeSystem)</a></p><p>This value set contains 3 concepts.</p><table class=\"codes\"><tr><td style=\"white-space:nowrap\"><b>Code</b></td><td><b>System</b></td><td><b>Display</b></td></tr><tr><td style=\"white-space:nowrap\"><a name=\"http---smartva.org-fhir-CodeSystem-smart-va-malaria-mortality-region-cs-h\"> </a>\u00a0\u00a0<a href=\"CodeSystem-smart-va-malaria-mortality-region-cs.html#smart-va-malaria-mortality-region-cs-h\">h</a></td><td>http://smartva.org/fhir/CodeSystem/smart-va-malaria-mortality-region-cs</td><td>High level of malaria prevelance</td></tr><tr><td style=\"white-space:nowrap\"><a name=\"http---smartva.org-fhir-CodeSystem-smart-va-malaria-mortality-region-cs-l\"> </a>\u00a0\u00a0<a href=\"CodeSystem-smart-va-malaria-mortality-region-cs.html#smart-va-malaria-mortality-region-cs-l\">l</a></td><td>http://smartva.org/fhir/CodeSystem/smart-va-malaria-mortality-region-cs</td><td>Low level of malaria prevelance</td></tr><tr><td style=\"white-space:nowrap\"><a name=\"http---smartva.org-fhir-CodeSystem-smart-va-malaria-mortality-region-cs-v\"> </a>\u00a0\u00a0<a href=\"CodeSystem-smart-va-malaria-mortality-region-cs.html#smart-va-malaria-mortality-region-cs-v\">v</a></td><td>http://smartva.org/fhir/CodeSystem/smart-va-malaria-mortality-region-cs</td><td>Very low level of malaria prevelance</td></tr></table></div>"
      },
      "url" : "https://smartva.org/fhir/ValueSet/smart-va-malaria-mortality-region-vs",
      "version" : "0.1.0",
      "name" : "SMARTVAMalarioMortalityRegionVS",
      "title" : "SMART Va Malaria Mortality Region ValueSet",
      "status" : "draft",
      "experimental" : true,
      "date" : "2024-03-12T15:30:39+01:00",
      "expansion" : {
        "identifier" : "urn:uuid:5fc24d9f-8c6b-4259-8dac-5f360ac7adc9",
        "timestamp" : "2024-03-12T15:31:23+01:00",
        "total" : 3,
        "offset" : 0,
        "parameter" : [{
          "name" : "count",
          "valueInteger" : 1000
        },
        {
          "name" : "offset",
          "valueInteger" : 0
        },
        {
          "name" : "excludeNested",
          "valueBoolean" : false
        },
        {
          "name" : "used-codesystem",
          "valueUri" : "http://smartva.org/fhir/CodeSystem/smart-va-malaria-mortality-region-cs|0.1.0"
        }],
        "contains" : [{
          "system" : "http://smartva.org/fhir/CodeSystem/smart-va-malaria-mortality-region-cs",
          "code" : "h",
          "display" : "High level of malaria prevelance"
        },
        {
          "system" : "http://smartva.org/fhir/CodeSystem/smart-va-malaria-mortality-region-cs",
          "code" : "l",
          "display" : "Low level of malaria prevelance"
        },
        {
          "system" : "http://smartva.org/fhir/CodeSystem/smart-va-malaria-mortality-region-cs",
          "code" : "v",
          "display" : "Very low level of malaria prevelance"
        }]
      }
    }
  },
  {
    "fullUrl" : "http://smartva.org/fhir/ValueSets/smart-va-weathers-seasons-vs",
    "resource" : {
      "resourceType" : "ValueSet",
      "text" : {
        "status" : "generated",
        "div" : "<div xmlns=\"http://www.w3.org/1999/xhtml\"><p style=\"border: black 1px dotted; background-color: #EEEEEE; padding: 8px; margin-bottom: 8px\">Expansion based on <a href=\"CodeSystem-smart-va-weather-seasons-cs.html\">codesystem SMART Verbal Autopsy Weather Seasons Code System v0.1.0 (CodeSystem)</a></p><p>This value set contains 3 concepts.</p><table class=\"codes\"><tr><td style=\"white-space:nowrap\"><b>Code</b></td><td><b>System</b></td><td><b>Display</b></td></tr><tr><td style=\"white-space:nowrap\"><a name=\"https---smartva.org-fhir-CodeSystem-smart-va-weather-seasons-cs-wet\"> </a>\u00a0\u00a0<a href=\"CodeSystem-smart-va-weather-seasons-cs.html#smart-va-weather-seasons-cs-wet\">wet</a></td><td>https://smartva.org/fhir/CodeSystem/smart-va-weather-seasons-cs</td><td>Wet</td></tr><tr><td style=\"white-space:nowrap\"><a name=\"https---smartva.org-fhir-CodeSystem-smart-va-weather-seasons-cs-dry\"> </a>\u00a0\u00a0<a href=\"CodeSystem-smart-va-weather-seasons-cs.html#smart-va-weather-seasons-cs-dry\">dry</a></td><td>https://smartva.org/fhir/CodeSystem/smart-va-weather-seasons-cs</td><td>Dry</td></tr><tr><td style=\"white-space:nowrap\"><a name=\"https---smartva.org-fhir-CodeSystem-smart-va-weather-seasons-cs-dk\"> </a>\u00a0\u00a0<a href=\"CodeSystem-smart-va-weather-seasons-cs.html#smart-va-weather-seasons-cs-dk\">dk</a></td><td>https://smartva.org/fhir/CodeSystem/smart-va-weather-seasons-cs</td><td>Don't Know</td></tr></table></div>"
      },
      "url" : "http://smartva.org/fhir/ValueSets/smart-va-weathers-seasons-vs",
      "version" : "0.1.0",
      "name" : "SMARTVAWeatherSeasonsVS",
      "title" : "SMART Verbal Autopsy Weather Seasons ValueSet",
      "status" : "draft",
      "date" : "2024-03-12T15:30:39+01:00",
      "expansion" : {
        "identifier" : "urn:uuid:6fc4b2ff-6a82-4873-85ba-571ba835154b",
        "timestamp" : "2024-03-12T15:31:23+01:00",
        "total" : 3,
        "offset" : 0,
        "parameter" : [{
          "name" : "count",
          "valueInteger" : 1000
        },
        {
          "name" : "offset",
          "valueInteger" : 0
        },
        {
          "name" : "excludeNested",
          "valueBoolean" : false
        },
        {
          "name" : "warning-experimental",
          "valueUri" : "https://smartva.org/fhir/CodeSystem/smart-va-weather-seasons-cs|0.1.0"
        },
        {
          "name" : "used-codesystem",
          "valueUri" : "https://smartva.org/fhir/CodeSystem/smart-va-weather-seasons-cs|0.1.0"
        }],
        "contains" : [{
          "system" : "https://smartva.org/fhir/CodeSystem/smart-va-weather-seasons-cs",
          "code" : "wet",
          "display" : "Wet"
        },
        {
          "system" : "https://smartva.org/fhir/CodeSystem/smart-va-weather-seasons-cs",
          "code" : "dry",
          "display" : "Dry"
        },
        {
          "system" : "https://smartva.org/fhir/CodeSystem/smart-va-weather-seasons-cs",
          "code" : "dk",
          "display" : "Don't Know"
        }]
      }
    }
  }]
}