<?xml version="1.0" encoding="UTF-8"?>

<Bundle xmlns="http://hl7.org/fhir">
  <id value="590d0e21-d899-4290-bc4d-5c66c647acd5"/>
  <meta>
    <lastUpdated value="2024-03-12T15:30:39.006+01:00"/>
  </meta>
  <type value="collection"/>
  <entry>
    <fullUrl value="https://smartva.org/fhir/ValueSet/smart-va-hiv-mortality-region-vs"/>
    <resource>
      <ValueSet>
        <text>
          <status value="generated"/>
          <div xmlns="http://www.w3.org/1999/xhtml">
            <p style="border: black 1px dotted; background-color: #EEEEEE; padding: 8px; margin-bottom: 8px">Expansion based on 
              <a href="CodeSystem-smart-va-hiv-moratality-region-cs.html">codesystem SMART VA HIV Mortalirty Region Code System v0.1.0 (CodeSystem)</a>
            </p>
            <p>This value set contains 3 concepts.</p>
            <table class="codes">
              <tr>
                <td style="white-space:nowrap">
                  <b>Code</b>
                </td>
                <td>
                  <b>System</b>
                </td>
                <td>
                  <b>Display</b>
                </td>
              </tr>
              <tr>
                <td style="white-space:nowrap">
                  <a name="http---smartva.org-fhir-CodingSystem-smart-va-hiv-moratality-region-cs-h"> </a>  
                  <a href="CodeSystem-smart-va-hiv-moratality-region-cs.html#smart-va-hiv-moratality-region-cs-h">h</a>
                </td>
                <td>http://smartva.org/fhir/CodingSystem/smart-va-hiv-moratality-region-cs</td>
                <td>High prevalence of HIV</td>
              </tr>
              <tr>
                <td style="white-space:nowrap">
                  <a name="http---smartva.org-fhir-CodingSystem-smart-va-hiv-moratality-region-cs-l"> </a>  
                  <a href="CodeSystem-smart-va-hiv-moratality-region-cs.html#smart-va-hiv-moratality-region-cs-l">l</a>
                </td>
                <td>http://smartva.org/fhir/CodingSystem/smart-va-hiv-moratality-region-cs</td>
                <td>Low prevalence of HIV</td>
              </tr>
              <tr>
                <td style="white-space:nowrap">
                  <a name="http---smartva.org-fhir-CodingSystem-smart-va-hiv-moratality-region-cs-v"> </a>  
                  <a href="CodeSystem-smart-va-hiv-moratality-region-cs.html#smart-va-hiv-moratality-region-cs-v">v</a>
                </td>
                <td>http://smartva.org/fhir/CodingSystem/smart-va-hiv-moratality-region-cs</td>
                <td>Very low prevalence of HIV</td>
              </tr>
            </table>
          </div>
        </text>
        <url value="https://smartva.org/fhir/ValueSet/smart-va-hiv-mortality-region-vs"/>
        <version value="0.1.0"/>
        <name value="SMARTVAHIVMortalityRegionVS"/>
        <title value="SMART VA HIV Mortality Region Value Set"/>
        <status value="draft"/>
        <experimental value="true"/>
        <date value="2024-03-12T15:30:39+01:00"/>
        <expansion>
          <identifier value="urn:uuid:f0a7f585-f00a-4847-bef3-ca256ddfde4b"/>
          <timestamp value="2024-03-12T15:31:22+01:00"/>
          <total value="3"/>
          <offset value="0"/>
          <parameter>
            <name value="count"/>
            <valueInteger value="1000"/>
          </parameter>
          <parameter>
            <name value="offset"/>
            <valueInteger value="0"/>
          </parameter>
          <parameter>
            <name value="excludeNested"/>
            <valueBoolean value="false"/>
          </parameter>
          <parameter>
            <name value="used-codesystem"/>
            <valueUri value="http://smartva.org/fhir/CodingSystem/smart-va-hiv-moratality-region-cs|0.1.0"/>
          </parameter>
          <contains>
            <system value="http://smartva.org/fhir/CodingSystem/smart-va-hiv-moratality-region-cs"/>
            <code value="h"/>
            <display value="High prevalence of HIV"/>
          </contains>
          <contains>
            <system value="http://smartva.org/fhir/CodingSystem/smart-va-hiv-moratality-region-cs"/>
            <code value="l"/>
            <display value="Low prevalence of HIV"/>
          </contains>
          <contains>
            <system value="http://smartva.org/fhir/CodingSystem/smart-va-hiv-moratality-region-cs"/>
            <code value="v"/>
            <display value="Very low prevalence of HIV"/>
          </contains>
        </expansion>
      </ValueSet>
    </resource>
  </entry>
  <entry>
    <fullUrl value="http://smartva.org/fhir/ValueSet/smart-va-level-of-education-valueset"/>
    <resource>
      <ValueSet>
        <text>
          <status value="generated"/>
          <div xmlns="http://www.w3.org/1999/xhtml">
            <p style="border: black 1px dotted; background-color: #EEEEEE; padding: 8px; margin-bottom: 8px">Expansion based on 
              <a href="CodeSystem-smart-va-level-of-education-codesystem.html">codesystem SMART Verbal Autopsy Level of Education CodeSystem v0.1.0 (CodeSystem)</a>
            </p>
            <p>This value set contains 7 concepts.</p>
            <table class="codes">
              <tr>
                <td style="white-space:nowrap">
                  <b>Code</b>
                </td>
                <td>
                  <b>System</b>
                </td>
                <td>
                  <b>Display</b>
                </td>
              </tr>
              <tr>
                <td style="white-space:nowrap">
                  <a name="https---smartva.org-fhir-CodeSystem-smart-va-level-of-education-codesystem-no-formal-education"> </a>  
                  <a href="CodeSystem-smart-va-level-of-education-codesystem.html#smart-va-level-of-education-codesystem-no-formal-education">no-formal-education</a>
                </td>
                <td>https://smartva.org/fhir/CodeSystem/smart-va-level-of-education-codesystem</td>
                <td>No formal education</td>
              </tr>
              <tr>
                <td style="white-space:nowrap">
                  <a name="https---smartva.org-fhir-CodeSystem-smart-va-level-of-education-codesystem-primary-school"> </a>  
                  <a href="CodeSystem-smart-va-level-of-education-codesystem.html#smart-va-level-of-education-codesystem-primary-school">primary-school</a>
                </td>
                <td>https://smartva.org/fhir/CodeSystem/smart-va-level-of-education-codesystem</td>
                <td>Primary school</td>
              </tr>
              <tr>
                <td style="white-space:nowrap">
                  <a name="https---smartva.org-fhir-CodeSystem-smart-va-level-of-education-codesystem-secondary-school"> </a>  
                  <a href="CodeSystem-smart-va-level-of-education-codesystem.html#smart-va-level-of-education-codesystem-secondary-school">secondary-school</a>
                </td>
                <td>https://smartva.org/fhir/CodeSystem/smart-va-level-of-education-codesystem</td>
                <td>Secondary school</td>
              </tr>
              <tr>
                <td style="white-space:nowrap">
                  <a name="https---smartva.org-fhir-CodeSystem-smart-va-level-of-education-codesystem-higher-than-secondary-school"> </a>  
                  <a href="CodeSystem-smart-va-level-of-education-codesystem.html#smart-va-level-of-education-codesystem-higher-than-secondary-school">higher-than-secondary-school</a>
                </td>
                <td>https://smartva.org/fhir/CodeSystem/smart-va-level-of-education-codesystem</td>
                <td>Higher than secondary school</td>
              </tr>
              <tr>
                <td style="white-space:nowrap">
                  <a name="https---smartva.org-fhir-CodeSystem-smart-va-level-of-education-codesystem-dk"> </a>  
                  <a href="CodeSystem-smart-va-level-of-education-codesystem.html#smart-va-level-of-education-codesystem-dk">dk</a>
                </td>
                <td>https://smartva.org/fhir/CodeSystem/smart-va-level-of-education-codesystem</td>
                <td>Don't know</td>
              </tr>
              <tr>
                <td style="white-space:nowrap">
                  <a name="https---smartva.org-fhir-CodeSystem-smart-va-level-of-education-codesystem-refused"> </a>  
                  <a href="CodeSystem-smart-va-level-of-education-codesystem.html#smart-va-level-of-education-codesystem-refused">refused</a>
                </td>
                <td>https://smartva.org/fhir/CodeSystem/smart-va-level-of-education-codesystem</td>
                <td>Refused to answer</td>
              </tr>
              <tr>
                <td style="white-space:nowrap">
                  <a name="https---smartva.org-fhir-CodeSystem-smart-va-level-of-education-codesystem-unknown"> </a>  
                  <a href="CodeSystem-smart-va-level-of-education-codesystem.html#smart-va-level-of-education-codesystem-unknown">unknown</a>
                </td>
                <td>https://smartva.org/fhir/CodeSystem/smart-va-level-of-education-codesystem</td>
                <td>Unknown</td>
              </tr>
            </table>
          </div>
        </text>
        <url value="http://smartva.org/fhir/ValueSet/smart-va-level-of-education-valueset"/>
        <version value="0.1.0"/>
        <name value="SMARTVALevelofEducationVS"/>
        <title value="SMART Verbal Autopsy Level of Education ValueSet"/>
        <status value="draft"/>
        <experimental value="true"/>
        <date value="2024-03-12T15:30:39+01:00"/>
        <expansion>
          <identifier value="urn:uuid:36c6b9bf-cb9c-4024-8058-12e45671c8d2"/>
          <timestamp value="2024-03-12T15:31:22+01:00"/>
          <total value="7"/>
          <offset value="0"/>
          <parameter>
            <name value="count"/>
            <valueInteger value="1000"/>
          </parameter>
          <parameter>
            <name value="offset"/>
            <valueInteger value="0"/>
          </parameter>
          <parameter>
            <name value="excludeNested"/>
            <valueBoolean value="false"/>
          </parameter>
          <parameter>
            <name value="used-codesystem"/>
            <valueUri value="https://smartva.org/fhir/CodeSystem/smart-va-level-of-education-codesystem|0.1.0"/>
          </parameter>
          <contains>
            <system value="https://smartva.org/fhir/CodeSystem/smart-va-level-of-education-codesystem"/>
            <code value="no-formal-education"/>
            <display value="No formal education"/>
          </contains>
          <contains>
            <system value="https://smartva.org/fhir/CodeSystem/smart-va-level-of-education-codesystem"/>
            <code value="primary-school"/>
            <display value="Primary school"/>
          </contains>
          <contains>
            <system value="https://smartva.org/fhir/CodeSystem/smart-va-level-of-education-codesystem"/>
            <code value="secondary-school"/>
            <display value="Secondary school"/>
          </contains>
          <contains>
            <system value="https://smartva.org/fhir/CodeSystem/smart-va-level-of-education-codesystem"/>
            <code value="higher-than-secondary-school"/>
            <display value="Higher than secondary school"/>
          </contains>
          <contains>
            <system value="https://smartva.org/fhir/CodeSystem/smart-va-level-of-education-codesystem"/>
            <code value="dk"/>
            <display value="Don't know"/>
          </contains>
          <contains>
            <system value="https://smartva.org/fhir/CodeSystem/smart-va-level-of-education-codesystem"/>
            <code value="refused"/>
            <display value="Refused to answer"/>
          </contains>
          <contains>
            <system value="https://smartva.org/fhir/CodeSystem/smart-va-level-of-education-codesystem"/>
            <code value="unknown"/>
            <display value="Unknown"/>
          </contains>
        </expansion>
      </ValueSet>
    </resource>
  </entry>
  <entry>
    <fullUrl value="https://smartva.org/fhir/ValueSet/smart-va-malaria-mortality-region-vs"/>
    <resource>
      <ValueSet>
        <text>
          <status value="generated"/>
          <div xmlns="http://www.w3.org/1999/xhtml">
            <p style="border: black 1px dotted; background-color: #EEEEEE; padding: 8px; margin-bottom: 8px">Expansion based on 
              <a href="CodeSystem-smart-va-malaria-mortality-region-cs.html">codesystem SMARTVA Malaria Mortality Region Code System v0.1.0 (CodeSystem)</a>
            </p>
            <p>This value set contains 3 concepts.</p>
            <table class="codes">
              <tr>
                <td style="white-space:nowrap">
                  <b>Code</b>
                </td>
                <td>
                  <b>System</b>
                </td>
                <td>
                  <b>Display</b>
                </td>
              </tr>
              <tr>
                <td style="white-space:nowrap">
                  <a name="http---smartva.org-fhir-CodeSystem-smart-va-malaria-mortality-region-cs-h"> </a>  
                  <a href="CodeSystem-smart-va-malaria-mortality-region-cs.html#smart-va-malaria-mortality-region-cs-h">h</a>
                </td>
                <td>http://smartva.org/fhir/CodeSystem/smart-va-malaria-mortality-region-cs</td>
                <td>High level of malaria prevelance</td>
              </tr>
              <tr>
                <td style="white-space:nowrap">
                  <a name="http---smartva.org-fhir-CodeSystem-smart-va-malaria-mortality-region-cs-l"> </a>  
                  <a href="CodeSystem-smart-va-malaria-mortality-region-cs.html#smart-va-malaria-mortality-region-cs-l">l</a>
                </td>
                <td>http://smartva.org/fhir/CodeSystem/smart-va-malaria-mortality-region-cs</td>
                <td>Low level of malaria prevelance</td>
              </tr>
              <tr>
                <td style="white-space:nowrap">
                  <a name="http---smartva.org-fhir-CodeSystem-smart-va-malaria-mortality-region-cs-v"> </a>  
                  <a href="CodeSystem-smart-va-malaria-mortality-region-cs.html#smart-va-malaria-mortality-region-cs-v">v</a>
                </td>
                <td>http://smartva.org/fhir/CodeSystem/smart-va-malaria-mortality-region-cs</td>
                <td>Very low level of malaria prevelance</td>
              </tr>
            </table>
          </div>
        </text>
        <url value="https://smartva.org/fhir/ValueSet/smart-va-malaria-mortality-region-vs"/>
        <version value="0.1.0"/>
        <name value="SMARTVAMalarioMortalityRegionVS"/>
        <title value="SMART Va Malaria Mortality Region ValueSet"/>
        <status value="draft"/>
        <experimental value="true"/>
        <date value="2024-03-12T15:30:39+01:00"/>
        <expansion>
          <identifier value="urn:uuid:5fc24d9f-8c6b-4259-8dac-5f360ac7adc9"/>
          <timestamp value="2024-03-12T15:31:23+01:00"/>
          <total value="3"/>
          <offset value="0"/>
          <parameter>
            <name value="count"/>
            <valueInteger value="1000"/>
          </parameter>
          <parameter>
            <name value="offset"/>
            <valueInteger value="0"/>
          </parameter>
          <parameter>
            <name value="excludeNested"/>
            <valueBoolean value="false"/>
          </parameter>
          <parameter>
            <name value="used-codesystem"/>
            <valueUri value="http://smartva.org/fhir/CodeSystem/smart-va-malaria-mortality-region-cs|0.1.0"/>
          </parameter>
          <contains>
            <system value="http://smartva.org/fhir/CodeSystem/smart-va-malaria-mortality-region-cs"/>
            <code value="h"/>
            <display value="High level of malaria prevelance"/>
          </contains>
          <contains>
            <system value="http://smartva.org/fhir/CodeSystem/smart-va-malaria-mortality-region-cs"/>
            <code value="l"/>
            <display value="Low level of malaria prevelance"/>
          </contains>
          <contains>
            <system value="http://smartva.org/fhir/CodeSystem/smart-va-malaria-mortality-region-cs"/>
            <code value="v"/>
            <display value="Very low level of malaria prevelance"/>
          </contains>
        </expansion>
      </ValueSet>
    </resource>
  </entry>
  <entry>
    <fullUrl value="http://smartva.org/fhir/ValueSets/smart-va-weathers-seasons-vs"/>
    <resource>
      <ValueSet>
        <text>
          <status value="generated"/>
          <div xmlns="http://www.w3.org/1999/xhtml">
            <p style="border: black 1px dotted; background-color: #EEEEEE; padding: 8px; margin-bottom: 8px">Expansion based on 
              <a href="CodeSystem-smart-va-weather-seasons-cs.html">codesystem SMART Verbal Autopsy Weather Seasons Code System v0.1.0 (CodeSystem)</a>
            </p>
            <p>This value set contains 3 concepts.</p>
            <table class="codes">
              <tr>
                <td style="white-space:nowrap">
                  <b>Code</b>
                </td>
                <td>
                  <b>System</b>
                </td>
                <td>
                  <b>Display</b>
                </td>
              </tr>
              <tr>
                <td style="white-space:nowrap">
                  <a name="https---smartva.org-fhir-CodeSystem-smart-va-weather-seasons-cs-wet"> </a>  
                  <a href="CodeSystem-smart-va-weather-seasons-cs.html#smart-va-weather-seasons-cs-wet">wet</a>
                </td>
                <td>https://smartva.org/fhir/CodeSystem/smart-va-weather-seasons-cs</td>
                <td>Wet</td>
              </tr>
              <tr>
                <td style="white-space:nowrap">
                  <a name="https---smartva.org-fhir-CodeSystem-smart-va-weather-seasons-cs-dry"> </a>  
                  <a href="CodeSystem-smart-va-weather-seasons-cs.html#smart-va-weather-seasons-cs-dry">dry</a>
                </td>
                <td>https://smartva.org/fhir/CodeSystem/smart-va-weather-seasons-cs</td>
                <td>Dry</td>
              </tr>
              <tr>
                <td style="white-space:nowrap">
                  <a name="https---smartva.org-fhir-CodeSystem-smart-va-weather-seasons-cs-dk"> </a>  
                  <a href="CodeSystem-smart-va-weather-seasons-cs.html#smart-va-weather-seasons-cs-dk">dk</a>
                </td>
                <td>https://smartva.org/fhir/CodeSystem/smart-va-weather-seasons-cs</td>
                <td>Don't Know</td>
              </tr>
            </table>
          </div>
        </text>
        <url value="http://smartva.org/fhir/ValueSets/smart-va-weathers-seasons-vs"/>
        <version value="0.1.0"/>
        <name value="SMARTVAWeatherSeasonsVS"/>
        <title value="SMART Verbal Autopsy Weather Seasons ValueSet"/>
        <status value="draft"/>
        <date value="2024-03-12T15:30:39+01:00"/>
        <expansion>
          <identifier value="urn:uuid:6fc4b2ff-6a82-4873-85ba-571ba835154b"/>
          <timestamp value="2024-03-12T15:31:23+01:00"/>
          <total value="3"/>
          <offset value="0"/>
          <parameter>
            <name value="count"/>
            <valueInteger value="1000"/>
          </parameter>
          <parameter>
            <name value="offset"/>
            <valueInteger value="0"/>
          </parameter>
          <parameter>
            <name value="excludeNested"/>
            <valueBoolean value="false"/>
          </parameter>
          <parameter>
            <name value="warning-experimental"/>
            <valueUri value="https://smartva.org/fhir/CodeSystem/smart-va-weather-seasons-cs|0.1.0"/>
          </parameter>
          <parameter>
            <name value="used-codesystem"/>
            <valueUri value="https://smartva.org/fhir/CodeSystem/smart-va-weather-seasons-cs|0.1.0"/>
          </parameter>
          <contains>
            <system value="https://smartva.org/fhir/CodeSystem/smart-va-weather-seasons-cs"/>
            <code value="wet"/>
            <display value="Wet"/>
          </contains>
          <contains>
            <system value="https://smartva.org/fhir/CodeSystem/smart-va-weather-seasons-cs"/>
            <code value="dry"/>
            <display value="Dry"/>
          </contains>
          <contains>
            <system value="https://smartva.org/fhir/CodeSystem/smart-va-weather-seasons-cs"/>
            <code value="dk"/>
            <display value="Don't Know"/>
          </contains>
        </expansion>
      </ValueSet>
    </resource>
  </entry>
</Bundle>