{
  "resourceType" : "Patient",
  "id" : "example",
  "meta" : {
    "profile" : ["http://hl7.org/fhir/StructureDefinition/Patient"]
  },
  "text" : {
    "status" : "generated",
    "div" : "<div xmlns=\"http://www.w3.org/1999/xhtml\"><p style=\"border: 1px #661aff solid; background-color: #e6e6ff; padding: 10px;\"><b>Amy V. Baxter </b> female, DoB: 1987-02-20</p><hr/><table class=\"grid\"><tr><td style=\"background-color: #f3f5da\" title=\"Record is active\">Active:</td><td>false</td><td style=\"background-color: #f3f5da\" title=\"Known status of Patient\">Deceased:</td><td colspan=\"3\">true</td></tr><tr><td style=\"background-color: #f3f5da\" title=\"Alternate names (see the one above)\">Alt. Name:</td><td colspan=\"3\">Amy V. Shaw (OLD)</td></tr><tr><td style=\"background-color: #f3f5da\" title=\"Ways to contact the Patient\">Contact Details:</td><td colspan=\"3\"><ul><li>ph: 555-555-5555(HOME)</li><li><a href=\"mailto:amy.shaw@example.com\">amy.shaw@example.com</a></li><li>49 MEADOW ST MOUNDS OK 74047 US (OLD)</li><li>183 MOUNTAIN VIEW ST MOUNDS OK 74048 US </li></ul></td></tr></table></div>"
  },
  "active" : false,
  "name" : [{
    "use" : "old",
    "family" : "Shaw",
    "given" : ["Amy",
    "V."],
    "period" : {
      "start" : "2016-12-06",
      "end" : "2020-07-22"
    }
  },
  {
    "family" : "Baxter",
    "given" : ["Amy",
    "V."],
    "suffix" : ["PharmD"],
    "period" : {
      "start" : "2020-07-22"
    }
  }],
  "telecom" : [{
    "system" : "phone",
    "value" : "555-555-5555",
    "use" : "home"
  },
  {
    "system" : "email",
    "value" : "amy.shaw@example.com"
  }],
  "gender" : "female",
  "birthDate" : "1987-02-20",
  "deceasedBoolean" : true,
  "address" : [{
    "use" : "old",
    "line" : ["49 MEADOW ST"],
    "city" : "MOUNDS",
    "state" : "OK",
    "postalCode" : "74047",
    "country" : "US",
    "period" : {
      "start" : "2016-12-06",
      "end" : "2020-07-22"
    }
  },
  {
    "line" : ["183 MOUNTAIN VIEW ST"],
    "city" : "MOUNDS",
    "state" : "OK",
    "postalCode" : "74048",
    "country" : "US",
    "period" : {
      "start" : "2020-07-22"
    }
  }]
}