<?xml version="1.0" encoding="UTF-8"?>

<Patient xmlns="http://hl7.org/fhir">
  <id value="example"/>
  <meta>
    <profile value="http://hl7.org/fhir/StructureDefinition/Patient"/>
  </meta>
  <text>
    <status value="generated"/><div xmlns="http://www.w3.org/1999/xhtml"><p style="border: 1px #661aff solid; background-color: #e6e6ff; padding: 10px;"><b>Amy V. Baxter </b> female, DoB: 1987-02-20</p><hr/><table class="grid"><tr><td style="background-color: #f3f5da" title="Record is active">Active:</td><td>false</td><td style="background-color: #f3f5da" title="Known status of Patient">Deceased:</td><td colspan="3">true</td></tr><tr><td style="background-color: #f3f5da" title="Alternate names (see the one above)">Alt. Name:</td><td colspan="3">Amy V. Shaw (OLD)</td></tr><tr><td style="background-color: #f3f5da" title="Ways to contact the Patient">Contact Details:</td><td colspan="3"><ul><li>ph: 555-555-5555(HOME)</li><li><a href="mailto:amy.shaw@example.com">amy.shaw@example.com</a></li><li>49 MEADOW ST MOUNDS OK 74047 US (OLD)</li><li>183 MOUNTAIN VIEW ST MOUNDS OK 74048 US </li></ul></td></tr></table></div>
  </text>
  <active value="false"/>
  <name>
    <use value="old"/>
    <family value="Shaw"/>
    <given value="Amy"/>
    <given value="V."/>
    <period>
      <start value="2016-12-06"/>
      <end value="2020-07-22"/>
    </period>
  </name>
  <name>
    <family value="Baxter"/>
    <given value="Amy"/>
    <given value="V."/>
    <suffix value="PharmD"/>
    <period>
      <start value="2020-07-22"/>
    </period>
  </name>
  <telecom>
    <system value="phone"/>
    <value value="555-555-5555"/>
    <use value="home"/>
  </telecom>
  <telecom>
    <system value="email"/>
    <value value="amy.shaw@example.com"/>
  </telecom>
  <gender value="female"/>
  <birthDate value="1987-02-20"/>
  <deceasedBoolean value="true"/>
  <address>
    <use value="old"/>
    <line value="49 MEADOW ST"/>
    <city value="MOUNDS"/>
    <state value="OK"/>
    <postalCode value="74047"/>
    <country value="US"/>
    <period>
      <start value="2016-12-06"/>
      <end value="2020-07-22"/>
    </period>
  </address>
  <address>
    <line value="183 MOUNTAIN VIEW ST"/>
    <city value="MOUNDS"/>
    <state value="OK"/>
    <postalCode value="74048"/>
    <country value="US"/>
    <period>
      <start value="2020-07-22"/>
    </period>
  </address>
</Patient>