{
  "package": "who.fhir.smart-ig-empty",
  "version": "0.1.0",
  "fhirVersion": "4.3.0",
  "extensions": [
    {
      "url": "http://smartva.org/fhir/StructureDefinition/smart-va-level-of-education-ext",
      "title": "SMART VA Patient Level of Education Extension",
      "types": [
        "CodeableConcept"
      ]
    },
    {
      "url": "https://smartva.org/StructureDefinition/smart-va-weather-season-ext",
      "title": "SMART VA Weather Season Extension",
      "types": [
        "CodeableConcept"
      ]
    }
  ],
  "profiles": {
    "Location": [
      {
        "url": "http://smartva.org/StructureDefinition/va-location",
        "title": "SMART VA Location Profile"
      }
    ],
    "Patient": [
      {
        "url": "http://smartva.org/StructureDefinition/va-patient",
        "title": "Verbal Autopsy Patient"
      }
    ]
  },
  "usage": {
    "http://hl7.org/fhir/StructureDefinition/elementdefinition-bestpractice": [
      "StructureDefinition.snapshot.element.constraint"
    ],
    "http://hl7.org/fhir/StructureDefinition/elementdefinition-bestpractice-explanation": [
      "StructureDefinition.snapshot.element.constraint"
    ],
    "http://hl7.org/fhir/StructureDefinition/elementdefinition-bindingName": [
      "StructureDefinition.snapshot.element.binding"
    ],
    "http://hl7.org/fhir/StructureDefinition/elementdefinition-maxValueSet": [
      "StructureDefinition.snapshot.element.binding"
    ],
    "http://hl7.org/fhir/StructureDefinition/patient-nationality": [
      "Patient"
    ],
    "http://hl7.org/fhir/StructureDefinition/structuredefinition-fhir-type": [
      "StructureDefinition.snapshot.element.type"
    ],
    "http://hl7.org/fhir/StructureDefinition/structuredefinition-hierarchy": [
      "StructureDefinition.snapshot.element.type"
    ],
    "http://hl7.org/fhir/build/StructureDefinition/binding-definition": [
      "StructureDefinition.snapshot.element.binding"
    ],
    "http://hl7.org/fhir/tools/StructureDefinition/ig-internal-dependency": [
      "ImplementationGuide.definition"
    ],
    "http://hl7.org/fhir/tools/StructureDefinition/ig-parameter": [
      "ImplementationGuide.definition"
    ],
    "http://hl7.org/fhir/tools/StructureDefinition/implementationguide-dependency-comment": [
      "ImplementationGuide.dependsOn"
    ],
    "http://hl7.org/fhir/tools/StructureDefinition/resource-information": [
      "ImplementationGuide.definition.resource"
    ],
    "http://smartva.org/fhir/StructureDefinition/smart-va-level-of-education-ext": [
      "Patient"
    ]
  }
}