<?xml version="1.0" encoding="UTF-8"?>

<ValueSet xmlns="http://hl7.org/fhir">
  <id value="smart-va-weathers-seasons-vs"/>
  <text>
    <status value="generated"/><div xmlns="http://www.w3.org/1999/xhtml"><ul><li>Include all codes defined in <a href="CodeSystem-smart-va-weather-seasons-cs.html"><code>https://smartva.org/fhir/CodeSystem/smart-va-weather-seasons-cs</code></a></li></ul></div>
  </text>
  <url value="http://smartva.org/fhir/ValueSets/smart-va-weathers-seasons-vs"/>
  <version value="0.1.0"/>
  <name value="SMARTVAWeatherSeasonsVS"/>
  <title value="SMART Verbal Autopsy Weather Seasons ValueSet"/>
  <status value="draft"/>
  <date value="2024-03-12T15:30:39+01:00"/>
  <publisher value="CDC"/>
  <contact>
    <name value="CDC"/>
    <telecom>
      <system value="url"/>
      <value value="http://cdc.gov"/>
    </telecom>
  </contact>
  <description value="SMART Verbal Autopsy valueset for describing weather seasons"/>
  <compose>
    <include>
      <system value="https://smartva.org/fhir/CodeSystem/smart-va-weather-seasons-cs"/>
    </include>
  </compose>
</ValueSet>