{
  "resourceType" : "ValueSet",
  "id" : "smart-va-malaria-mortality-region-vs",
  "text" : {
    "status" : "generated",
    "div" : "<div xmlns=\"http://www.w3.org/1999/xhtml\"><ul><li>Include all codes defined in <a href=\"CodeSystem-smart-va-malaria-mortality-region-cs.html\"><code>http://smartva.org/fhir/CodeSystem/smart-va-malaria-mortality-region-cs</code></a></li></ul></div>"
  },
  "url" : "https://smartva.org/fhir/ValueSet/smart-va-malaria-mortality-region-vs",
  "version" : "0.1.0",
  "name" : "SMARTVAMalarioMortalityRegionVS",
  "title" : "SMART Va Malaria Mortality Region ValueSet",
  "status" : "draft",
  "experimental" : true,
  "date" : "2024-03-12T15:30:39+01:00",
  "publisher" : "CDC",
  "contact" : [{
    "name" : "CDC",
    "telecom" : [{
      "system" : "url",
      "value" : "http://cdc.gov"
    }]
  }],
  "description" : "ValueSet to capture the region Malaria mortality prevelance for SMART verbal autopsy",
  "compose" : {
    "include" : [{
      "system" : "http://smartva.org/fhir/CodeSystem/smart-va-malaria-mortality-region-cs"
    }]
  }
}