{
  "resourceType" : "ValueSet",
  "id" : "smart-va-hiv-mortality-region-vs",
  "text" : {
    "status" : "generated",
    "div" : "<div xmlns=\"http://www.w3.org/1999/xhtml\"><ul><li>Include all codes defined in <a href=\"CodeSystem-smart-va-hiv-moratality-region-cs.html\"><code>http://smartva.org/fhir/CodingSystem/smart-va-hiv-moratality-region-cs</code></a></li></ul></div>"
  },
  "url" : "https://smartva.org/fhir/ValueSet/smart-va-hiv-mortality-region-vs",
  "version" : "0.1.0",
  "name" : "SMARTVAHIVMortalityRegionVS",
  "title" : "SMART VA HIV Mortality Region Value Set",
  "status" : "draft",
  "experimental" : true,
  "date" : "2024-03-12T15:30:39+01:00",
  "publisher" : "CDC",
  "contact" : [{
    "name" : "CDC",
    "telecom" : [{
      "system" : "url",
      "value" : "http://cdc.gov"
    }]
  }],
  "description" : "SMART VA HIV Mortality Region Value Set to capture HIV prevelance of a location",
  "compose" : {
    "include" : [{
      "system" : "http://smartva.org/fhir/CodingSystem/smart-va-hiv-moratality-region-cs"
    }]
  }
}