{
  "resourceType" : "ValueSet",
  "id" : "smart-va-weathers-seasons-vs",
  "text" : {
    "status" : "generated",
    "div" : "<div xmlns=\"http://www.w3.org/1999/xhtml\"><ul><li>Include all codes defined in <a href=\"CodeSystem-smart-va-weather-seasons-cs.html\"><code>https://smartva.org/fhir/CodeSystem/smart-va-weather-seasons-cs</code></a></li></ul></div>"
  },
  "url" : "http://smartva.org/fhir/ValueSets/smart-va-weathers-seasons-vs",
  "version" : "0.1.0",
  "name" : "SMARTVAWeatherSeasonsVS",
  "title" : "SMART Verbal Autopsy Weather Seasons ValueSet",
  "status" : "draft",
  "date" : "2024-03-12T15:30:39+01:00",
  "publisher" : "CDC",
  "contact" : [{
    "name" : "CDC",
    "telecom" : [{
      "system" : "url",
      "value" : "http://cdc.gov"
    }]
  }],
  "description" : "SMART Verbal Autopsy valueset for describing weather seasons",
  "compose" : {
    "include" : [{
      "system" : "https://smartva.org/fhir/CodeSystem/smart-va-weather-seasons-cs"
    }]
  }
}