{
  "resourceType" : "ValueSet",
  "id" : "smart-va-level-of-education-valueset",
  "text" : {
    "status" : "generated",
    "div" : "<div xmlns=\"http://www.w3.org/1999/xhtml\"><ul><li>Include all codes defined in <a href=\"CodeSystem-smart-va-level-of-education-codesystem.html\"><code>https://smartva.org/fhir/CodeSystem/smart-va-level-of-education-codesystem</code></a></li></ul></div>"
  },
  "url" : "http://smartva.org/fhir/ValueSet/smart-va-level-of-education-valueset",
  "version" : "0.1.0",
  "name" : "SMARTVALevelofEducationVS",
  "title" : "SMART Verbal Autopsy Level of Education ValueSet",
  "status" : "draft",
  "experimental" : true,
  "date" : "2024-03-12T15:30:39+01:00",
  "publisher" : "CDC",
  "contact" : [{
    "name" : "CDC",
    "telecom" : [{
      "system" : "url",
      "value" : "http://cdc.gov"
    }]
  }],
  "description" : "This ValueSet contains values related to the SMART Verbal Autopsy level of education of the decseaed person.",
  "compose" : {
    "include" : [{
      "system" : "https://smartva.org/fhir/CodeSystem/smart-va-level-of-education-codesystem"
    }]
  }
}