{
  "codeSystems" : [
    {
      "url" : "http://hl7.org/fhir/ValueSet/administrative-gender",
      "version" : "4.3.0",
      "status" : "active",
      "name" : "AdministrativeGender",
      "title" : "AdministrativeGender",
      "description" : "The gender of a person used for administrative purposes.",
      "systems" : ["http://hl7.org/fhir/administrative-gender"],
      "oids" : ["2.16.840.1.113883.4.642.3.1"],
      "sources" : ["2.16.840.1.113883.4.642.3.1"],
      "uses" : {
      },
      "StructureDefinition-va-patient.html" : "Verbal Autopsy Patient"
    },
    {
      "url" : "http://hl7.org/fhir/ValueSet/days-of-week",
      "version" : "4.3.0",
      "status" : "active",
      "name" : "DaysOfWeek",
      "title" : "DaysOfWeek",
      "description" : "The days of the week.",
      "systems" : ["http://hl7.org/fhir/days-of-week"],
      "oids" : ["2.16.840.1.113883.4.642.3.512"],
      "sources" : ["2.16.840.1.113883.4.642.3.512"],
      "uses" : {
      },
      "StructureDefinition-va-location.html" : "SMART VA Location Profile"
    },
    {
      "url" : "http://hl7.org/fhir/ValueSet/identifier-type",
      "version" : "4.3.0",
      "status" : "active",
      "name" : "Identifier Type Codes",
      "title" : "IdentifierType",
      "description" : "A coded type for an identifier that can be used to determine which identifier to use for a specific purpose.",
      "systems" : ["http://terminology.hl7.org/CodeSystem/v2-0203"],
      "oids" : ["2.16.840.1.113883.4.642.3.45"],
      "sources" : ["2.16.840.1.113883.4.642.3.45"],
      "uses" : {
      },
      "StructureDefinition-va-patient.html" : "Verbal Autopsy Patient"
    },
    {
      "url" : "http://hl7.org/fhir/ValueSet/identifier-use",
      "version" : "4.3.0",
      "status" : "active",
      "name" : "IdentifierUse",
      "title" : "IdentifierUse",
      "description" : "Identifies the purpose for this identifier, if known .",
      "systems" : ["http://hl7.org/fhir/identifier-use"],
      "oids" : ["2.16.840.1.113883.4.642.3.57"],
      "sources" : ["2.16.840.1.113883.4.642.3.57"],
      "uses" : {
      },
      "StructureDefinition-va-patient.html" : "Verbal Autopsy Patient"
    },
    {
      "url" : "http://hl7.org/fhir/ValueSet/languages",
      "version" : "4.3.0",
      "status" : "draft",
      "name" : "CommonLanguages",
      "title" : "Common Languages",
      "description" : "This value set includes common codes from BCP-47 (http://tools.ietf.org/html/bcp47)",
      "systems" : ["urn:ietf:bcp:47"],
      "oids" : ["2.16.840.1.113883.4.642.3.20"],
      "sources" : ["2.16.840.1.113883.4.642.3.20"],
      "uses" : {
      },
      "StructureDefinition-va-patient.html" : "Verbal Autopsy Patient",
      "StructureDefinition-va-location.html" : "SMART VA Location Profile"
    },
    {
      "url" : "http://hl7.org/fhir/ValueSet/link-type",
      "version" : "4.3.0",
      "status" : "active",
      "name" : "LinkType",
      "title" : "LinkType",
      "description" : "The type of link between this patient resource and another patient resource.",
      "systems" : ["http://hl7.org/fhir/link-type"],
      "oids" : ["2.16.840.1.113883.4.642.3.423"],
      "sources" : ["2.16.840.1.113883.4.642.3.423"],
      "uses" : {
      },
      "StructureDefinition-va-patient.html" : "Verbal Autopsy Patient"
    },
    {
      "url" : "http://hl7.org/fhir/ValueSet/location-mode",
      "version" : "4.3.0",
      "status" : "draft",
      "name" : "LocationMode",
      "title" : "LocationMode",
      "description" : "Indicates whether a resource instance represents a specific location or a class of locations.",
      "systems" : ["http://hl7.org/fhir/location-mode"],
      "oids" : ["2.16.840.1.113883.4.642.3.330"],
      "sources" : ["2.16.840.1.113883.4.642.3.330"],
      "uses" : {
      },
      "StructureDefinition-va-location.html" : "SMART VA Location Profile"
    },
    {
      "url" : "http://hl7.org/fhir/ValueSet/location-physical-type",
      "version" : "4.3.0",
      "status" : "draft",
      "name" : "LocationType",
      "title" : null,
      "description" : "This example value set defines a set of codes that can be used to indicate the physical form of the Location.",
      "systems" : [
        "http://terminology.hl7.org/CodeSystem/location-physical-type"
      ],
      "oids" : ["2.16.840.1.113883.4.642.3.328"],
      "sources" : ["2.16.840.1.113883.4.642.3.328"],
      "uses" : {
      },
      "StructureDefinition-va-location.html" : "SMART VA Location Profile"
    },
    {
      "url" : "http://hl7.org/fhir/ValueSet/location-status",
      "version" : "4.3.0",
      "status" : "draft",
      "name" : "LocationStatus",
      "title" : "LocationStatus",
      "description" : "Indicates whether the location is still in use.",
      "systems" : ["http://hl7.org/fhir/location-status"],
      "oids" : ["2.16.840.1.113883.4.642.3.332"],
      "sources" : ["2.16.840.1.113883.4.642.3.332"],
      "uses" : {
      },
      "StructureDefinition-va-location.html" : "SMART VA Location Profile"
    },
    {
      "url" : "http://hl7.org/fhir/ValueSet/marital-status",
      "version" : "4.3.0",
      "status" : "active",
      "name" : "Marital Status Codes",
      "title" : "MaritalStatus",
      "description" : "This value set defines the set of codes that can be used to indicate the marital status of a person.",
      "systems" : [
        "http://terminology.hl7.org/CodeSystem/v3-MaritalStatus",
        "http://terminology.hl7.org/CodeSystem/v3-NullFlavor"
      ],
      "oids" : ["2.16.840.1.113883.4.642.3.29"],
      "sources" : ["2.16.840.1.113883.4.642.3.29"],
      "uses" : {
      },
      "StructureDefinition-va-patient.html" : "Verbal Autopsy Patient"
    },
    {
      "url" : "http://hl7.org/fhir/ValueSet/patient-contactrelationship",
      "version" : "4.3.0",
      "status" : "active",
      "name" : "PatientContactRelationship",
      "title" : "Patient Contact Relationship",
      "description" : "The nature of the relationship between the patient and the contact person.",
      "systems" : ["http://terminology.hl7.org/CodeSystem/v2-0131"],
      "oids" : ["2.16.840.1.113883.4.642.3.1130"],
      "sources" : ["2.16.840.1.113883.4.642.3.1130"],
      "uses" : {
      },
      "StructureDefinition-va-patient.html" : "Verbal Autopsy Patient"
    },
    {
      "url" : "http://smartva.org/fhir/ValueSet/smart-va-level-of-education-valueset",
      "version" : "0.1.0",
      "status" : "draft",
      "name" : "SMARTVALevelofEducationVS",
      "title" : "SMART Verbal Autopsy Level of Education ValueSet",
      "description" : "This ValueSet contains values related to the SMART Verbal Autopsy level of education of the decseaed person.",
      "systems" : [
        "https://smartva.org/fhir/CodeSystem/smart-va-level-of-education-codesystem"
      ]
    },
    {
      "url" : "http://smartva.org/fhir/ValueSets/smart-va-weathers-seasons-vs",
      "version" : "0.1.0",
      "status" : "draft",
      "name" : "SMARTVAWeatherSeasonsVS",
      "title" : "SMART Verbal Autopsy Weather Seasons ValueSet",
      "description" : "SMART Verbal Autopsy valueset for describing weather seasons",
      "systems" : [
        "https://smartva.org/fhir/CodeSystem/smart-va-weather-seasons-cs"
      ]
    },
    {
      "url" : "http://terminology.hl7.org/ValueSet/v2-0116",
      "version" : "2.0.0",
      "status" : "active",
      "name" : "Hl7VSBedStatus",
      "title" : "hl7VS-bedStatus",
      "description" : "Value Set of codes that specify the state of a bed in an inpatient setting, and is used to determine if a patient may be assigned to it or not.",
      "systems" : ["http://terminology.hl7.org/CodeSystem/v2-0116"],
      "oids" : ["2.16.840.1.113883.21.51"],
      "sources" : ["2.16.840.1.113883.21.51"],
      "uses" : {
      },
      "StructureDefinition-va-location.html" : "SMART VA Location Profile"
    },
    {
      "url" : "http://terminology.hl7.org/ValueSet/v3-ServiceDeliveryLocationRoleType",
      "version" : "2.0.0",
      "status" : "active",
      "name" : "ServiceDeliveryLocationRoleType",
      "title" : "ServiceDeliveryLocationRoleType",
      "description" : "A role of a place that further classifies the setting (e.g., accident site, road side, work site, community location) in which services are delivered.",
      "systems" : ["http://terminology.hl7.org/CodeSystem/v3-RoleCode"],
      "oids" : ["2.16.840.1.113883.1.11.17660"],
      "sources" : ["2.16.840.1.113883.1.11.17660"],
      "uses" : {
      },
      "StructureDefinition-va-location.html" : "SMART VA Location Profile"
    },
    {
      "url" : "https://smartva.org/fhir/ValueSet/smart-va-hiv-mortality-region-vs",
      "version" : "0.1.0",
      "status" : "draft",
      "name" : "SMARTVAHIVMortalityRegionVS",
      "title" : "SMART VA HIV Mortality Region Value Set",
      "description" : "SMART VA HIV Mortality Region Value Set to capture HIV prevelance of a location",
      "systems" : [
        "http://smartva.org/fhir/CodingSystem/smart-va-hiv-moratality-region-cs"
      ]
    },
    {
      "url" : "https://smartva.org/fhir/ValueSet/smart-va-malaria-mortality-region-vs",
      "version" : "0.1.0",
      "status" : "draft",
      "name" : "SMARTVAMalarioMortalityRegionVS",
      "title" : "SMART Va Malaria Mortality Region ValueSet",
      "description" : "ValueSet to capture the region Malaria mortality prevelance for SMART verbal autopsy",
      "systems" : [
        "http://smartva.org/fhir/CodeSystem/smart-va-malaria-mortality-region-cs"
      ]
    }
  ]
}
